r,resid_sd,sd_area_year,sd_year
0.9801532650096116,1.230476855708128,0.6262590597995794,0.4709946738971531
