resid_sd,sd_area_year,sd_year
1.230476855708128,0.6262590597995794,0.47099467389715316
