r,resid_sd,sd_area_year,sd_year
1.0501684526021728,1.2764700732986562,0.44283272022214254,0.6745794562288336
